<?xml version="1.0" encoding="windows-1252" ?>
<TABLE xmlns:xs="http://www.w3.org/2001/XMLSchema"
       xmlns:xsi="http://www.w3.org/2001/XMLSchema-instance"
       xsi:noNamespaceSchemaLocation="UPD_NOMEN_CODE_KEY_LETTER_VALUE.xsd">
   <UPD_NOMEN_CODE_KEY_LETTER_VALUE>
      <nomen_code>101813</nomen_code>
      <key_letter>K</key_letter>
      <key_coeff>19.99</key_coeff>
      <key_letter_seq>1</key_letter_seq>
      <dbegin_key_letter>2020-03-23</dbegin_key_letter>
      <dbegin_key_letter_value>2020-03-23</dbegin_key_letter_value>
      <key_letter_value>2</key_letter_value>
      <currency>EUR</currency>
      <AUTHORITY_ID>43171</AUTHORITY_ID>
      <update>DEL</update>
   </UPD_NOMEN_CODE_KEY_LETTER_VALUE>
   <UPD_NOMEN_CODE_KEY_LETTER_VALUE>
      <nomen_code>101850</nomen_code>
      <key_letter>K</key_letter>
      <key_coeff>13.39</key_coeff>
      <key_letter_seq>1</key_letter_seq>
      <dbegin_key_letter>2020-03-23</dbegin_key_letter>
      <dbegin_key_letter_value>2020-03-23</dbegin_key_letter_value>
      <key_letter_value>2</key_letter_value>
      <currency>EUR</currency>
      <AUTHORITY_ID>43171</AUTHORITY_ID>
      <update>DEL</update>
   </UPD_NOMEN_CODE_KEY_LETTER_VALUE>
   <UPD_NOMEN_CODE_KEY_LETTER_VALUE>
      <nomen_code>419252</nomen_code>
      <key_letter>W</key_letter>
      <key_coeff>0.554</key_coeff>
      <key_letter_seq>1</key_letter_seq>
      <dbegin_key_letter>2020-03-01</dbegin_key_letter>
      <dbegin_key_letter_value>2021-01-01</dbegin_key_letter_value>
      <key_letter_value>4.792593</key_letter_value>
      <currency>EUR</currency>
      <AUTHORITY_ID>43642</AUTHORITY_ID>
      <update>DEL</update>
   </UPD_NOMEN_CODE_KEY_LETTER_VALUE>
   <UPD_NOMEN_CODE_KEY_LETTER_VALUE>
      <nomen_code>419274</nomen_code>
      <key_letter>W</key_letter>
      <key_coeff>0.637</key_coeff>
      <key_letter_seq>1</key_letter_seq>
      <dbegin_key_letter>2020-03-01</dbegin_key_letter>
      <dbegin_key_letter_value>2021-01-01</dbegin_key_letter_value>
      <key_letter_value>4.792593</key_letter_value>
      <currency>EUR</currency>
      <AUTHORITY_ID>43642</AUTHORITY_ID>
      <update>DEL</update>
   </UPD_NOMEN_CODE_KEY_LETTER_VALUE>
   <UPD_NOMEN_CODE_KEY_LETTER_VALUE>
      <nomen_code>419296</nomen_code>
      <key_letter>W</key_letter>
      <key_coeff>0.776</key_coeff>
      <key_letter_seq>1</key_letter_seq>
      <dbegin_key_letter>2020-03-01</dbegin_key_letter>
      <dbegin_key_letter_value>2021-01-01</dbegin_key_letter_value>
      <key_letter_value>4.792593</key_letter_value>
      <currency>EUR</currency>
      <AUTHORITY_ID>43642</AUTHORITY_ID>
      <update>DEL</update>
   </UPD_NOMEN_CODE_KEY_LETTER_VALUE>
   <UPD_NOMEN_CODE_KEY_LETTER_VALUE>
      <nomen_code>419311</nomen_code>
      <key_letter>W</key_letter>
      <key_coeff>1.109</key_coeff>
      <key_letter_seq>1</key_letter_seq>
      <dbegin_key_letter>2020-03-01</dbegin_key_letter>
      <dbegin_key_letter_value>2021-01-01</dbegin_key_letter_value>
      <key_letter_value>4.792593</key_letter_value>
      <currency>EUR</currency>
      <AUTHORITY_ID>43642</AUTHORITY_ID>
      <update>DEL</update>
   </UPD_NOMEN_CODE_KEY_LETTER_VALUE>
   <UPD_NOMEN_CODE_KEY_LETTER_VALUE>
      <nomen_code>564756</nomen_code>
      <key_letter>M</key_letter>
      <key_coeff>36</key_coeff>
      <key_letter_seq>1</key_letter_seq>
      <dbegin_key_letter>2017-01-01</dbegin_key_letter>
      <dbegin_key_letter_value>2014-01-01</dbegin_key_letter_value>
      <key_letter_value>0.92027</key_letter_value>
      <currency>EUR</currency>
      <AUTHORITY_ID>8723</AUTHORITY_ID>
      <update>DEL</update>
   </UPD_NOMEN_CODE_KEY_LETTER_VALUE>
   <UPD_NOMEN_CODE_KEY_LETTER_VALUE>
      <nomen_code>564771</nomen_code>
      <key_letter>M</key_letter>
      <key_coeff>34.62</key_coeff>
      <key_letter_seq>1</key_letter_seq>
      <dbegin_key_letter>2017-01-01</dbegin_key_letter>
      <dbegin_key_letter_value>2014-01-01</dbegin_key_letter_value>
      <key_letter_value>0.885247</key_letter_value>
      <currency>EUR</currency>
      <AUTHORITY_ID>8723</AUTHORITY_ID>
      <update>DEL</update>
   </UPD_NOMEN_CODE_KEY_LETTER_VALUE>
   <UPD_NOMEN_CODE_KEY_LETTER_VALUE>
      <nomen_code>564793</nomen_code>
      <key_letter>M</key_letter>
      <key_coeff>36</key_coeff>
      <key_letter_seq>1</key_letter_seq>
      <dbegin_key_letter>2017-01-01</dbegin_key_letter>
      <dbegin_key_letter_value>2014-01-01</dbegin_key_letter_value>
      <key_letter_value>0.92027</key_letter_value>
      <currency>EUR</currency>
      <AUTHORITY_ID>8723</AUTHORITY_ID>
      <update>DEL</update>
   </UPD_NOMEN_CODE_KEY_LETTER_VALUE>
   <UPD_NOMEN_CODE_KEY_LETTER_VALUE>
      <nomen_code>564815</nomen_code>
      <key_letter>M</key_letter>
      <key_coeff>34.62</key_coeff>
      <key_letter_seq>1</key_letter_seq>
      <dbegin_key_letter>2017-01-01</dbegin_key_letter>
      <dbegin_key_letter_value>2014-01-01</dbegin_key_letter_value>
      <key_letter_value>0.885247</key_letter_value>
      <currency>EUR</currency>
      <AUTHORITY_ID>8723</AUTHORITY_ID>
      <update>DEL</update>
   </UPD_NOMEN_CODE_KEY_LETTER_VALUE>
   <UPD_NOMEN_CODE_KEY_LETTER_VALUE>
      <nomen_code>564830</nomen_code>
      <key_letter>M</key_letter>
      <key_coeff>36</key_coeff>
      <key_letter_seq>1</key_letter_seq>
      <dbegin_key_letter>2017-01-01</dbegin_key_letter>
      <dbegin_key_letter_value>2014-01-01</dbegin_key_letter_value>
      <key_letter_value>0.92027</key_letter_value>
      <currency>EUR</currency>
      <AUTHORITY_ID>8723</AUTHORITY_ID>
      <update>DEL</update>
   </UPD_NOMEN_CODE_KEY_LETTER_VALUE>
   <UPD_NOMEN_CODE_KEY_LETTER_VALUE>
      <nomen_code>564852</nomen_code>
      <key_letter>M</key_letter>
      <key_coeff>34.62</key_coeff>
      <key_letter_seq>1</key_letter_seq>
      <dbegin_key_letter>2017-01-01</dbegin_key_letter>
      <dbegin_key_letter_value>2014-01-01</dbegin_key_letter_value>
      <key_letter_value>0.885247</key_letter_value>
      <currency>EUR</currency>
      <AUTHORITY_ID>8723</AUTHORITY_ID>
      <update>DEL</update>
   </UPD_NOMEN_CODE_KEY_LETTER_VALUE>
   <UPD_NOMEN_CODE_KEY_LETTER_VALUE>
      <nomen_code>564874</nomen_code>
      <key_letter>M</key_letter>
      <key_coeff>36</key_coeff>
      <key_letter_seq>1</key_letter_seq>
      <dbegin_key_letter>2017-01-01</dbegin_key_letter>
      <dbegin_key_letter_value>2014-01-01</dbegin_key_letter_value>
      <key_letter_value>0.92027</key_letter_value>
      <currency>EUR</currency>
      <AUTHORITY_ID>8723</AUTHORITY_ID>
      <update>DEL</update>
   </UPD_NOMEN_CODE_KEY_LETTER_VALUE>
   <UPD_NOMEN_CODE_KEY_LETTER_VALUE>
      <nomen_code>564896</nomen_code>
      <key_letter>M</key_letter>
      <key_coeff>34.62</key_coeff>
      <key_letter_seq>1</key_letter_seq>
      <dbegin_key_letter>2017-01-01</dbegin_key_letter>
      <dbegin_key_letter_value>2014-01-01</dbegin_key_letter_value>
      <key_letter_value>0.885247</key_letter_value>
      <currency>EUR</currency>
      <AUTHORITY_ID>8723</AUTHORITY_ID>
      <update>DEL</update>
   </UPD_NOMEN_CODE_KEY_LETTER_VALUE>
   <UPD_NOMEN_CODE_KEY_LETTER_VALUE>
      <nomen_code>564911</nomen_code>
      <key_letter>M</key_letter>
      <key_coeff>36</key_coeff>
      <key_letter_seq>1</key_letter_seq>
      <dbegin_key_letter>2017-01-01</dbegin_key_letter>
      <dbegin_key_letter_value>2014-01-01</dbegin_key_letter_value>
      <key_letter_value>0.92027</key_letter_value>
      <currency>EUR</currency>
      <AUTHORITY_ID>8723</AUTHORITY_ID>
      <update>DEL</update>
   </UPD_NOMEN_CODE_KEY_LETTER_VALUE>
   <UPD_NOMEN_CODE_KEY_LETTER_VALUE>
      <nomen_code>564933</nomen_code>
      <key_letter>M</key_letter>
      <key_coeff>34.62</key_coeff>
      <key_letter_seq>1</key_letter_seq>
      <dbegin_key_letter>2017-01-01</dbegin_key_letter>
      <dbegin_key_letter_value>2014-01-01</dbegin_key_letter_value>
      <key_letter_value>0.885247</key_letter_value>
      <currency>EUR</currency>
      <AUTHORITY_ID>8723</AUTHORITY_ID>
      <update>DEL</update>
   </UPD_NOMEN_CODE_KEY_LETTER_VALUE>
   <UPD_NOMEN_CODE_KEY_LETTER_VALUE>
      <nomen_code>564955</nomen_code>
      <key_letter>M</key_letter>
      <key_coeff>36</key_coeff>
      <key_letter_seq>1</key_letter_seq>
      <dbegin_key_letter>2017-01-01</dbegin_key_letter>
      <dbegin_key_letter_value>2014-01-01</dbegin_key_letter_value>
      <key_letter_value>0.92027</key_letter_value>
      <currency>EUR</currency>
      <AUTHORITY_ID>8723</AUTHORITY_ID>
      <update>DEL</update>
   </UPD_NOMEN_CODE_KEY_LETTER_VALUE>
   <UPD_NOMEN_CODE_KEY_LETTER_VALUE>
      <nomen_code>564970</nomen_code>
      <key_letter>M</key_letter>
      <key_coeff>34.62</key_coeff>
      <key_letter_seq>1</key_letter_seq>
      <dbegin_key_letter>2017-01-01</dbegin_key_letter>
      <dbegin_key_letter_value>2014-01-01</dbegin_key_letter_value>
      <key_letter_value>0.885247</key_letter_value>
      <currency>EUR</currency>
      <AUTHORITY_ID>8723</AUTHORITY_ID>
      <update>DEL</update>
   </UPD_NOMEN_CODE_KEY_LETTER_VALUE>
   <UPD_NOMEN_CODE_KEY_LETTER_VALUE>
      <nomen_code>588350</nomen_code>
      <key_letter>B</key_letter>
      <key_coeff>521</key_coeff>
      <key_letter_seq>1</key_letter_seq>
      <dbegin_key_letter>2002-01-01</dbegin_key_letter>
      <dbegin_key_letter_value>2021-01-01</dbegin_key_letter_value>
      <key_letter_value>0.046209</key_letter_value>
      <currency>EUR</currency>
      <AUTHORITY_ID>43737</AUTHORITY_ID>
      <update>DEL</update>
   </UPD_NOMEN_CODE_KEY_LETTER_VALUE>
   <UPD_NOMEN_CODE_KEY_LETTER_VALUE>
      <nomen_code>588361</nomen_code>
      <key_letter>B</key_letter>
      <key_coeff>521</key_coeff>
      <key_letter_seq>1</key_letter_seq>
      <dbegin_key_letter>2002-01-01</dbegin_key_letter>
      <dbegin_key_letter_value>2021-01-01</dbegin_key_letter_value>
      <key_letter_value>0.046209</key_letter_value>
      <currency>EUR</currency>
      <AUTHORITY_ID>43737</AUTHORITY_ID>
      <update>DEL</update>
   </UPD_NOMEN_CODE_KEY_LETTER_VALUE>
   <UPD_NOMEN_CODE_KEY_LETTER_VALUE>
      <nomen_code>642434</nomen_code>
      <key_letter>Y</key_letter>
      <key_coeff>58</key_coeff>
      <key_letter_seq>1</key_letter_seq>
      <dbegin_key_letter>2002-01-01</dbegin_key_letter>
      <dbegin_key_letter_value>2021-01-01</dbegin_key_letter_value>
      <key_letter_value>1.781468</key_letter_value>
      <currency>EUR</currency>
      <AUTHORITY_ID>43740</AUTHORITY_ID>
      <update>DEL</update>
   </UPD_NOMEN_CODE_KEY_LETTER_VALUE>
   <UPD_NOMEN_CODE_KEY_LETTER_VALUE>
      <nomen_code>642456</nomen_code>
      <key_letter>Y</key_letter>
      <key_coeff>20</key_coeff>
      <key_letter_seq>1</key_letter_seq>
      <dbegin_key_letter>2002-01-01</dbegin_key_letter>
      <dbegin_key_letter_value>2021-01-01</dbegin_key_letter_value>
      <key_letter_value>1.781468</key_letter_value>
      <currency>EUR</currency>
      <AUTHORITY_ID>43740</AUTHORITY_ID>
      <update>DEL</update>
   </UPD_NOMEN_CODE_KEY_LETTER_VALUE>
   <UPD_NOMEN_CODE_KEY_LETTER_VALUE>
      <nomen_code>642471</nomen_code>
      <key_letter>Y</key_letter>
      <key_coeff>114</key_coeff>
      <key_letter_seq>1</key_letter_seq>
      <dbegin_key_letter>2002-01-01</dbegin_key_letter>
      <dbegin_key_letter_value>2021-01-01</dbegin_key_letter_value>
      <key_letter_value>1.781468</key_letter_value>
      <currency>EUR</currency>
      <AUTHORITY_ID>43740</AUTHORITY_ID>
      <update>DEL</update>
   </UPD_NOMEN_CODE_KEY_LETTER_VALUE>
   <UPD_NOMEN_CODE_KEY_LETTER_VALUE>
      <nomen_code>642493</nomen_code>
      <key_letter>Y</key_letter>
      <key_coeff>43</key_coeff>
      <key_letter_seq>1</key_letter_seq>
      <dbegin_key_letter>2002-01-01</dbegin_key_letter>
      <dbegin_key_letter_value>2021-01-01</dbegin_key_letter_value>
      <key_letter_value>1.781468</key_letter_value>
      <currency>EUR</currency>
      <AUTHORITY_ID>43740</AUTHORITY_ID>
      <update>DEL</update>
   </UPD_NOMEN_CODE_KEY_LETTER_VALUE>
   <UPD_NOMEN_CODE_KEY_LETTER_VALUE>
      <nomen_code>652256</nomen_code>
      <key_letter>T</key_letter>
      <key_coeff>112.21</key_coeff>
      <key_letter_seq>1</key_letter_seq>
      <dbegin_key_letter>2004-09-01</dbegin_key_letter>
      <dbegin_key_letter_value>2021-01-01</dbegin_key_letter_value>
      <key_letter_value>3.308571</key_letter_value>
      <currency>EUR</currency>
      <AUTHORITY_ID>43741</AUTHORITY_ID>
      <update>DEL</update>
   </UPD_NOMEN_CODE_KEY_LETTER_VALUE>
   <UPD_NOMEN_CODE_KEY_LETTER_VALUE>
      <nomen_code>652260</nomen_code>
      <key_letter>T</key_letter>
      <key_coeff>112.21</key_coeff>
      <key_letter_seq>1</key_letter_seq>
      <dbegin_key_letter>2013-12-01</dbegin_key_letter>
      <dbegin_key_letter_value>2021-01-01</dbegin_key_letter_value>
      <key_letter_value>3.308571</key_letter_value>
      <currency>EUR</currency>
      <AUTHORITY_ID>43741</AUTHORITY_ID>
      <update>DEL</update>
   </UPD_NOMEN_CODE_KEY_LETTER_VALUE>
   <UPD_NOMEN_CODE_KEY_LETTER_VALUE>
      <nomen_code>653774</nomen_code>
      <key_letter>T</key_letter>
      <key_coeff>3.75</key_coeff>
      <key_letter_seq>1</key_letter_seq>
      <dbegin_key_letter>2004-09-01</dbegin_key_letter>
      <dbegin_key_letter_value>2021-01-01</dbegin_key_letter_value>
      <key_letter_value>3.308571</key_letter_value>
      <currency>EUR</currency>
      <AUTHORITY_ID>43741</AUTHORITY_ID>
      <update>DEL</update>
   </UPD_NOMEN_CODE_KEY_LETTER_VALUE>
   <UPD_NOMEN_CODE_KEY_LETTER_VALUE>
      <nomen_code>653785</nomen_code>
      <key_letter>T</key_letter>
      <key_coeff>3.75</key_coeff>
      <key_letter_seq>1</key_letter_seq>
      <dbegin_key_letter>2013-12-01</dbegin_key_letter>
      <dbegin_key_letter_value>2021-01-01</dbegin_key_letter_value>
      <key_letter_value>3.308571</key_letter_value>
      <currency>EUR</currency>
      <AUTHORITY_ID>43741</AUTHORITY_ID>
      <update>DEL</update>
   </UPD_NOMEN_CODE_KEY_LETTER_VALUE>
   <UPD_NOMEN_CODE_KEY_LETTER_VALUE>
      <nomen_code>677751</nomen_code>
      <key_letter>T</key_letter>
      <key_coeff>809.27</key_coeff>
      <key_letter_seq>1</key_letter_seq>
      <dbegin_key_letter>2004-09-01</dbegin_key_letter>
      <dbegin_key_letter_value>2021-01-01</dbegin_key_letter_value>
      <key_letter_value>3.308571</key_letter_value>
      <currency>EUR</currency>
      <AUTHORITY_ID>43741</AUTHORITY_ID>
      <update>DEL</update>
   </UPD_NOMEN_CODE_KEY_LETTER_VALUE>
   <UPD_NOMEN_CODE_KEY_LETTER_VALUE>
      <nomen_code>677762</nomen_code>
      <key_letter>T</key_letter>
      <key_coeff>809.27</key_coeff>
      <key_letter_seq>1</key_letter_seq>
      <dbegin_key_letter>2013-12-01</dbegin_key_letter>
      <dbegin_key_letter_value>2021-01-01</dbegin_key_letter_value>
      <key_letter_value>3.308571</key_letter_value>
      <currency>EUR</currency>
      <AUTHORITY_ID>43741</AUTHORITY_ID>
      <update>DEL</update>
   </UPD_NOMEN_CODE_KEY_LETTER_VALUE>
</TABLE>
