<?xml version="1.0" encoding="windows-1252" ?>
<TABLE xmlns:xs="http://www.w3.org/2001/XMLSchema"
       xmlns:xsi="http://www.w3.org/2001/XMLSchema-instance"
       xsi:noNamespaceSchemaLocation="UPD_NOMEN_ATTRIB_CLASS_REL.xsd">
   <UPD_NOMEN_ATTRIB_CLASS_REL>
      <attrib_rel_id>2410</attrib_rel_id>
      <attrib_class_id>2</attrib_class_id>
      <update>ADD</update>
   </UPD_NOMEN_ATTRIB_CLASS_REL>
   <UPD_NOMEN_ATTRIB_CLASS_REL>
      <attrib_rel_id>25900</attrib_rel_id>
      <attrib_class_id>25</attrib_class_id>
      <update>ADD</update>
   </UPD_NOMEN_ATTRIB_CLASS_REL>
   <UPD_NOMEN_ATTRIB_CLASS_REL>
      <attrib_rel_id>35500</attrib_rel_id>
      <attrib_class_id>35</attrib_class_id>
      <update>ADD</update>
   </UPD_NOMEN_ATTRIB_CLASS_REL>
</TABLE>
