<?xml version="1.0" encoding="windows-1252" ?>
<TABLE xmlns:xs="http://www.w3.org/2001/XMLSchema"
       xmlns:xsi="http://www.w3.org/2001/XMLSchema-instance"
       xsi:noNamespaceSchemaLocation="UPD_NOMEN_AUTHORITY_EXT.xsd">
   <UPD_NOMEN_AUTHORITY_EXT>
      <author_doc>IMP20210101_NC</author_doc>
      <AUTHORITY_ID>43892</AUTHORITY_ID>
      <author_doc_desc_nl>IMP20210101_NCN</author_doc_desc_nl>
      <author_doc_desc_fr>IMP20210101_NCF</author_doc_desc_fr>
      <dpub>2021-02-09</dpub>
      <ddoc>2021-02-09</ddoc>
      <type_doc>NC</type_doc>
      <update>ADD</update>
   </UPD_NOMEN_AUTHORITY_EXT>
   <UPD_NOMEN_AUTHORITY_EXT>
      <author_doc>KB2021020268</author_doc>
      <AUTHORITY_ID>43899</AUTHORITY_ID>
      <author_doc_desc_nl>KB2021020268</author_doc_desc_nl>
      <author_doc_desc_fr>KB2021020268</author_doc_desc_fr>
      <dpub>2021-02-09</dpub>
      <ddoc>2021-01-20</ddoc>
      <type_doc>KB</type_doc>
      <update>ADD</update>
   </UPD_NOMEN_AUTHORITY_EXT>
   <UPD_NOMEN_AUTHORITY_EXT>
      <author_doc>KB2021020272</author_doc>
      <AUTHORITY_ID>43900</AUTHORITY_ID>
      <author_doc_desc_nl>KB2021020272</author_doc_desc_nl>
      <author_doc_desc_fr>KB2021020272</author_doc_desc_fr>
      <dpub>2021-02-09</dpub>
      <ddoc>2021-01-20</ddoc>
      <type_doc>KB</type_doc>
      <update>ADD</update>
   </UPD_NOMEN_AUTHORITY_EXT>
   <UPD_NOMEN_AUTHORITY_EXT>
      <author_doc>NOM_327_20210201</author_doc>
      <AUTHORITY_ID>43904</AUTHORITY_ID>
      <author_doc_desc_nl>NOM_327_20210201</author_doc_desc_nl>
      <author_doc_desc_fr>NOM_327_20210201</author_doc_desc_fr>
      <dpub>2021-02-01</dpub>
      <ddoc>2021-02-01</ddoc>
      <type_doc>PDF</type_doc>
      <update>ADD</update>
   </UPD_NOMEN_AUTHORITY_EXT>
   <UPD_NOMEN_AUTHORITY_EXT>
      <author_doc>NOM_332_20210301</author_doc>
      <AUTHORITY_ID>43908</AUTHORITY_ID>
      <author_doc_desc_nl>NOM_332_20210301</author_doc_desc_nl>
      <author_doc_desc_fr>NOM_332_20210301</author_doc_desc_fr>
      <dpub>2021-03-01</dpub>
      <ddoc>2021-03-01</ddoc>
      <type_doc>PDF</type_doc>
      <update>ADD</update>
   </UPD_NOMEN_AUTHORITY_EXT>
   <UPD_NOMEN_AUTHORITY_EXT>
      <author_doc>NOM_336_20210201</author_doc>
      <AUTHORITY_ID>43903</AUTHORITY_ID>
      <author_doc_desc_nl>NOM_336_20210201</author_doc_desc_nl>
      <author_doc_desc_fr>NOM_336_20210201</author_doc_desc_fr>
      <dpub>2021-02-01</dpub>
      <ddoc>2021-02-01</ddoc>
      <type_doc>PDF</type_doc>
      <update>ADD</update>
   </UPD_NOMEN_AUTHORITY_EXT>
   <UPD_NOMEN_AUTHORITY_EXT>
      <author_doc>NOM_337_20210201</author_doc>
      <AUTHORITY_ID>43905</AUTHORITY_ID>
      <author_doc_desc_nl>NOM_337_20210201</author_doc_desc_nl>
      <author_doc_desc_fr>NOM_337_20210201</author_doc_desc_fr>
      <dpub>2021-02-01</dpub>
      <ddoc>2021-02-01</ddoc>
      <type_doc>PDF</type_doc>
      <update>ADD</update>
   </UPD_NOMEN_AUTHORITY_EXT>
   <UPD_NOMEN_AUTHORITY_EXT>
      <author_doc>NOM_340_20210201</author_doc>
      <AUTHORITY_ID>43901</AUTHORITY_ID>
      <author_doc_desc_nl>NOM_340_20210201</author_doc_desc_nl>
      <author_doc_desc_fr>NOM_340_20210201</author_doc_desc_fr>
      <dpub>2021-02-01</dpub>
      <ddoc>2021-02-01</ddoc>
      <type_doc>PDF</type_doc>
      <update>ADD</update>
   </UPD_NOMEN_AUTHORITY_EXT>
   <UPD_NOMEN_AUTHORITY_EXT>
      <author_doc>NOM_340_20210301</author_doc>
      <AUTHORITY_ID>43907</AUTHORITY_ID>
      <author_doc_desc_nl>NOM_340_20210301</author_doc_desc_nl>
      <author_doc_desc_fr>NOM_340_20210301</author_doc_desc_fr>
      <dpub>2021-03-01</dpub>
      <ddoc>2021-03-01</ddoc>
      <type_doc>PDF</type_doc>
      <update>ADD</update>
   </UPD_NOMEN_AUTHORITY_EXT>
   <UPD_NOMEN_AUTHORITY_EXT>
      <author_doc>NOM_341_20210201</author_doc>
      <AUTHORITY_ID>43906</AUTHORITY_ID>
      <author_doc_desc_nl>NOM_341_20210201</author_doc_desc_nl>
      <author_doc_desc_fr>NOM_341_20210201</author_doc_desc_fr>
      <dpub>2021-02-01</dpub>
      <ddoc>2021-02-01</ddoc>
      <type_doc>PDF</type_doc>
      <update>ADD</update>
   </UPD_NOMEN_AUTHORITY_EXT>
   <UPD_NOMEN_AUTHORITY_EXT>
      <author_doc>NOM_356_20210201</author_doc>
      <AUTHORITY_ID>43902</AUTHORITY_ID>
      <author_doc_desc_nl>NOM_356_20210201</author_doc_desc_nl>
      <author_doc_desc_fr>NOM_356_20210201</author_doc_desc_fr>
      <dpub>2021-02-01</dpub>
      <ddoc>2021-02-01</ddoc>
      <type_doc>PDF</type_doc>
      <update>ADD</update>
   </UPD_NOMEN_AUTHORITY_EXT>
   <UPD_NOMEN_AUTHORITY_EXT>
      <author_doc>OA2021_060</author_doc>
      <AUTHORITY_ID>43893</AUTHORITY_ID>
      <author_doc_desc_nl>ozb_vi_p_2021_060</author_doc_desc_nl>
      <author_doc_desc_fr>circ_oa_p_2021_060</author_doc_desc_fr>
      <dpub>2021-02-09</dpub>
      <ddoc>2021-02-09</ddoc>
      <type_doc>OAD</type_doc>
      <update>ADD</update>
   </UPD_NOMEN_AUTHORITY_EXT>
   <UPD_NOMEN_AUTHORITY_EXT>
      <author_doc>OA2021_061</author_doc>
      <AUTHORITY_ID>43894</AUTHORITY_ID>
      <author_doc_desc_nl>ozb_vi_p_2021_061</author_doc_desc_nl>
      <author_doc_desc_fr>circ_oa_p_2021_061</author_doc_desc_fr>
      <dpub>2021-02-10</dpub>
      <ddoc>2021-02-10</ddoc>
      <type_doc>OA</type_doc>
      <update>ADD</update>
   </UPD_NOMEN_AUTHORITY_EXT>
   <UPD_NOMEN_AUTHORITY_EXT>
      <author_doc>OA2021_062</author_doc>
      <AUTHORITY_ID>43895</AUTHORITY_ID>
      <author_doc_desc_nl>ozb_vi_p_2021_062</author_doc_desc_nl>
      <author_doc_desc_fr>circ_oa_p_2021_062</author_doc_desc_fr>
      <dpub>2021-02-10</dpub>
      <ddoc>2021-02-10</ddoc>
      <type_doc>OAD</type_doc>
      <update>ADD</update>
   </UPD_NOMEN_AUTHORITY_EXT>
   <UPD_NOMEN_AUTHORITY_EXT>
      <author_doc>OA2021_063</author_doc>
      <AUTHORITY_ID>43896</AUTHORITY_ID>
      <author_doc_desc_nl>ozb_vi_p_2021_063</author_doc_desc_nl>
      <author_doc_desc_fr>circ_oa_p_2021_063</author_doc_desc_fr>
      <dpub>2021-02-10</dpub>
      <ddoc>2021-02-10</ddoc>
      <type_doc>OA</type_doc>
      <update>ADD</update>
   </UPD_NOMEN_AUTHORITY_EXT>
   <UPD_NOMEN_AUTHORITY_EXT>
      <author_doc>OA2021_064</author_doc>
      <AUTHORITY_ID>43897</AUTHORITY_ID>
      <author_doc_desc_nl>ozb_vi_p_2021_064</author_doc_desc_nl>
      <author_doc_desc_fr>circ_oa_p_2021_064</author_doc_desc_fr>
      <dpub>2021-02-10</dpub>
      <ddoc>2021-02-10</ddoc>
      <type_doc>OA</type_doc>
      <update>ADD</update>
   </UPD_NOMEN_AUTHORITY_EXT>
   <UPD_NOMEN_AUTHORITY_EXT>
      <author_doc>OA2021_065</author_doc>
      <AUTHORITY_ID>43898</AUTHORITY_ID>
      <author_doc_desc_nl>ozb_vi_p_2021_065</author_doc_desc_nl>
      <author_doc_desc_fr>circ_oa_p_2021_065</author_doc_desc_fr>
      <dpub>2021-02-10</dpub>
      <ddoc>2021-02-10</ddoc>
      <type_doc>OA</type_doc>
      <update>ADD</update>
   </UPD_NOMEN_AUTHORITY_EXT>
</TABLE>
