<?xml version="1.0" encoding="windows-1252" ?>
<TABLE xmlns:xs="http://www.w3.org/2001/XMLSchema"
       xmlns:xsi="http://www.w3.org/2001/XMLSchema-instance"
       xsi:noNamespaceSchemaLocation="UPD_NOMEN_CODE_KEY_LETTER_HIST.xsd">
   <UPD_NOMEN_CODE_KEY_LETTER_HIST>
      <nomen_code>655336</nomen_code>
      <dbegin_key_letter>2021-04-01</dbegin_key_letter>
      <dend_key_letter>2999-12-31</dend_key_letter>
      <key_letter>Y</key_letter>
      <key_coeff>582.39</key_coeff>
      <key_letter_seq>1</key_letter_seq>
      <AUTHORITY_ID>43674</AUTHORITY_ID>
      <update>ADD</update>
   </UPD_NOMEN_CODE_KEY_LETTER_HIST>
   <UPD_NOMEN_CODE_KEY_LETTER_HIST>
      <nomen_code>655351</nomen_code>
      <dbegin_key_letter>2021-04-01</dbegin_key_letter>
      <dend_key_letter>2999-12-31</dend_key_letter>
      <key_letter>Y</key_letter>
      <key_coeff>474.39</key_coeff>
      <key_letter_seq>1</key_letter_seq>
      <AUTHORITY_ID>43674</AUTHORITY_ID>
      <update>ADD</update>
   </UPD_NOMEN_CODE_KEY_LETTER_HIST>
   <UPD_NOMEN_CODE_KEY_LETTER_HIST>
      <nomen_code>655373</nomen_code>
      <dbegin_key_letter>2021-04-01</dbegin_key_letter>
      <dend_key_letter>2999-12-31</dend_key_letter>
      <key_letter>Y</key_letter>
      <key_coeff>509.19</key_coeff>
      <key_letter_seq>1</key_letter_seq>
      <AUTHORITY_ID>43674</AUTHORITY_ID>
      <update>ADD</update>
   </UPD_NOMEN_CODE_KEY_LETTER_HIST>
   <UPD_NOMEN_CODE_KEY_LETTER_HIST>
      <nomen_code>655432</nomen_code>
      <dbegin_key_letter>2021-04-01</dbegin_key_letter>
      <dend_key_letter>2999-12-31</dend_key_letter>
      <key_letter>Y</key_letter>
      <key_coeff>401.19</key_coeff>
      <key_letter_seq>1</key_letter_seq>
      <AUTHORITY_ID>43674</AUTHORITY_ID>
      <update>ADD</update>
   </UPD_NOMEN_CODE_KEY_LETTER_HIST>
   <UPD_NOMEN_CODE_KEY_LETTER_HIST>
      <nomen_code>655454</nomen_code>
      <dbegin_key_letter>2021-04-01</dbegin_key_letter>
      <dend_key_letter>2999-12-31</dend_key_letter>
      <key_letter>Y</key_letter>
      <key_coeff>565.8</key_coeff>
      <key_letter_seq>1</key_letter_seq>
      <AUTHORITY_ID>43674</AUTHORITY_ID>
      <update>ADD</update>
   </UPD_NOMEN_CODE_KEY_LETTER_HIST>
   <UPD_NOMEN_CODE_KEY_LETTER_HIST>
      <nomen_code>655476</nomen_code>
      <dbegin_key_letter>2021-04-01</dbegin_key_letter>
      <dend_key_letter>2999-12-31</dend_key_letter>
      <key_letter>Y</key_letter>
      <key_coeff>457.8</key_coeff>
      <key_letter_seq>1</key_letter_seq>
      <AUTHORITY_ID>43674</AUTHORITY_ID>
      <update>ADD</update>
   </UPD_NOMEN_CODE_KEY_LETTER_HIST>
   <UPD_NOMEN_CODE_KEY_LETTER_HIST>
      <nomen_code>655491</nomen_code>
      <dbegin_key_letter>2021-04-01</dbegin_key_letter>
      <dend_key_letter>2999-12-31</dend_key_letter>
      <key_letter>Y</key_letter>
      <key_coeff>721.08</key_coeff>
      <key_letter_seq>1</key_letter_seq>
      <AUTHORITY_ID>43674</AUTHORITY_ID>
      <update>ADD</update>
   </UPD_NOMEN_CODE_KEY_LETTER_HIST>
   <UPD_NOMEN_CODE_KEY_LETTER_HIST>
      <nomen_code>655550</nomen_code>
      <dbegin_key_letter>2021-04-01</dbegin_key_letter>
      <dend_key_letter>2999-12-31</dend_key_letter>
      <key_letter>Y</key_letter>
      <key_coeff>613.08</key_coeff>
      <key_letter_seq>1</key_letter_seq>
      <AUTHORITY_ID>43674</AUTHORITY_ID>
      <update>ADD</update>
   </UPD_NOMEN_CODE_KEY_LETTER_HIST>
   <UPD_NOMEN_CODE_KEY_LETTER_HIST>
      <nomen_code>655572</nomen_code>
      <dbegin_key_letter>2021-04-01</dbegin_key_letter>
      <dend_key_letter>2999-12-31</dend_key_letter>
      <key_letter>Y</key_letter>
      <key_coeff>647.88</key_coeff>
      <key_letter_seq>1</key_letter_seq>
      <AUTHORITY_ID>43674</AUTHORITY_ID>
      <update>ADD</update>
   </UPD_NOMEN_CODE_KEY_LETTER_HIST>
   <UPD_NOMEN_CODE_KEY_LETTER_HIST>
      <nomen_code>655594</nomen_code>
      <dbegin_key_letter>2021-04-01</dbegin_key_letter>
      <dend_key_letter>2999-12-31</dend_key_letter>
      <key_letter>Y</key_letter>
      <key_coeff>539.88</key_coeff>
      <key_letter_seq>1</key_letter_seq>
      <AUTHORITY_ID>43674</AUTHORITY_ID>
      <update>ADD</update>
   </UPD_NOMEN_CODE_KEY_LETTER_HIST>
   <UPD_NOMEN_CODE_KEY_LETTER_HIST>
      <nomen_code>655631</nomen_code>
      <dbegin_key_letter>2021-04-01</dbegin_key_letter>
      <dend_key_letter>2999-12-31</dend_key_letter>
      <key_letter>Y</key_letter>
      <key_coeff>704.49</key_coeff>
      <key_letter_seq>1</key_letter_seq>
      <AUTHORITY_ID>43674</AUTHORITY_ID>
      <update>ADD</update>
   </UPD_NOMEN_CODE_KEY_LETTER_HIST>
   <UPD_NOMEN_CODE_KEY_LETTER_HIST>
      <nomen_code>655653</nomen_code>
      <dbegin_key_letter>2021-04-01</dbegin_key_letter>
      <dend_key_letter>2999-12-31</dend_key_letter>
      <key_letter>Y</key_letter>
      <key_coeff>596.49</key_coeff>
      <key_letter_seq>1</key_letter_seq>
      <AUTHORITY_ID>43674</AUTHORITY_ID>
      <update>ADD</update>
   </UPD_NOMEN_CODE_KEY_LETTER_HIST>
   <UPD_NOMEN_CODE_KEY_LETTER_HIST>
      <nomen_code>655675</nomen_code>
      <dbegin_key_letter>2021-04-01</dbegin_key_letter>
      <dend_key_letter>2999-12-31</dend_key_letter>
      <key_letter>Y</key_letter>
      <key_coeff>663.63</key_coeff>
      <key_letter_seq>1</key_letter_seq>
      <AUTHORITY_ID>43674</AUTHORITY_ID>
      <update>ADD</update>
   </UPD_NOMEN_CODE_KEY_LETTER_HIST>
   <UPD_NOMEN_CODE_KEY_LETTER_HIST>
      <nomen_code>655896</nomen_code>
      <dbegin_key_letter>2021-04-01</dbegin_key_letter>
      <dend_key_letter>2999-12-31</dend_key_letter>
      <key_letter>Y</key_letter>
      <key_coeff>590.43</key_coeff>
      <key_letter_seq>1</key_letter_seq>
      <AUTHORITY_ID>43674</AUTHORITY_ID>
      <update>ADD</update>
   </UPD_NOMEN_CODE_KEY_LETTER_HIST>
   <UPD_NOMEN_CODE_KEY_LETTER_HIST>
      <nomen_code>655911</nomen_code>
      <dbegin_key_letter>2021-04-01</dbegin_key_letter>
      <dend_key_letter>2999-12-31</dend_key_letter>
      <key_letter>Y</key_letter>
      <key_coeff>647.04</key_coeff>
      <key_letter_seq>1</key_letter_seq>
      <AUTHORITY_ID>43674</AUTHORITY_ID>
      <update>ADD</update>
   </UPD_NOMEN_CODE_KEY_LETTER_HIST>
   <UPD_NOMEN_CODE_KEY_LETTER_HIST>
      <nomen_code>655933</nomen_code>
      <dbegin_key_letter>2021-04-01</dbegin_key_letter>
      <dend_key_letter>2999-12-31</dend_key_letter>
      <key_letter>Y</key_letter>
      <key_coeff>802.32</key_coeff>
      <key_letter_seq>1</key_letter_seq>
      <AUTHORITY_ID>43674</AUTHORITY_ID>
      <update>ADD</update>
   </UPD_NOMEN_CODE_KEY_LETTER_HIST>
   <UPD_NOMEN_CODE_KEY_LETTER_HIST>
      <nomen_code>655955</nomen_code>
      <dbegin_key_letter>2021-04-01</dbegin_key_letter>
      <dend_key_letter>2999-12-31</dend_key_letter>
      <key_letter>Y</key_letter>
      <key_coeff>729.12</key_coeff>
      <key_letter_seq>1</key_letter_seq>
      <AUTHORITY_ID>43674</AUTHORITY_ID>
      <update>ADD</update>
   </UPD_NOMEN_CODE_KEY_LETTER_HIST>
   <UPD_NOMEN_CODE_KEY_LETTER_HIST>
      <nomen_code>655970</nomen_code>
      <dbegin_key_letter>2021-04-01</dbegin_key_letter>
      <dend_key_letter>2999-12-31</dend_key_letter>
      <key_letter>Y</key_letter>
      <key_coeff>785.73</key_coeff>
      <key_letter_seq>1</key_letter_seq>
      <AUTHORITY_ID>43674</AUTHORITY_ID>
      <update>ADD</update>
   </UPD_NOMEN_CODE_KEY_LETTER_HIST>
   <UPD_NOMEN_CODE_KEY_LETTER_HIST>
      <nomen_code>656073</nomen_code>
      <dbegin_key_letter>2021-04-01</dbegin_key_letter>
      <dend_key_letter>2999-12-31</dend_key_letter>
      <key_letter>Y</key_letter>
      <key_coeff>105.36</key_coeff>
      <key_letter_seq>1</key_letter_seq>
      <AUTHORITY_ID>43674</AUTHORITY_ID>
      <update>ADD</update>
   </UPD_NOMEN_CODE_KEY_LETTER_HIST>
   <UPD_NOMEN_CODE_KEY_LETTER_HIST>
      <nomen_code>656095</nomen_code>
      <dbegin_key_letter>2021-04-01</dbegin_key_letter>
      <dend_key_letter>2999-12-31</dend_key_letter>
      <key_letter>Y</key_letter>
      <key_coeff>255</key_coeff>
      <key_letter_seq>1</key_letter_seq>
      <AUTHORITY_ID>43674</AUTHORITY_ID>
      <update>ADD</update>
   </UPD_NOMEN_CODE_KEY_LETTER_HIST>
   <UPD_NOMEN_CODE_KEY_LETTER_HIST>
      <nomen_code>656165</nomen_code>
      <dbegin_key_letter>2021-04-01</dbegin_key_letter>
      <dend_key_letter>2999-12-31</dend_key_letter>
      <key_letter>Y</key_letter>
      <key_coeff>3.25</key_coeff>
      <key_letter_seq>1</key_letter_seq>
      <AUTHORITY_ID>43674</AUTHORITY_ID>
      <update>ADD</update>
   </UPD_NOMEN_CODE_KEY_LETTER_HIST>
   <UPD_NOMEN_CODE_KEY_LETTER_HIST>
      <nomen_code>656180</nomen_code>
      <dbegin_key_letter>2021-04-01</dbegin_key_letter>
      <dend_key_letter>2999-12-31</dend_key_letter>
      <key_letter>Y</key_letter>
      <key_coeff>3.25</key_coeff>
      <key_letter_seq>1</key_letter_seq>
      <AUTHORITY_ID>43674</AUTHORITY_ID>
      <update>ADD</update>
   </UPD_NOMEN_CODE_KEY_LETTER_HIST>
</TABLE>
